# Sample tenants for development only (C143): invented organisations, except Cyryx and
# MI College (the user's examples). Parents come before their children. legal_form is
# the legal form's code in that country and, with timezone (an IANA name), required (C195).
# Empty types mean a tenant still being set up (provisioning). types: the primary first,
# then additional ones, separated by |.
# identity_number: a made-up registration number, only where the legal form names one.
slug,code,name,country,legal_form,timezone,identity_number,parent,types
moh,MOH,Ministry of Health,MV,government_ministry,Indian/Maldives,,,ministry_office
haah,HAAH,Haa Alif Atoll Hospital,MV,statutory_body,Indian/Maldives,,moh,hospital
lah,LAH,Laamu Atoll Hospital,MV,statutory_body,Indian/Maldives,,moh,hospital|laboratory
ihavandhoo-hc,IHC,Ihavandhoo Health Centre,MV,statutory_body,Indian/Maldives,,haah,health_centre
gan-hc,GHC,Gan Health Centre,MV,statutory_body,Indian/Maldives,,lah,health_centre
lagoon-medical,LMH,Lagoon Medical Hospital,MV,private_company,Indian/Maldives,C-2001/2019,,hospital|pharmacy|laboratory
coral-clinic,CFC,Coral Family Clinic,MV,private_company,Indian/Maldives,C-2002/2020,,clinic|pharmacy
reef-clinic,RHC,Reef Health Clinic,MV,private_company,Indian/Maldives,C-2003/2021,,clinic
male-city,MCC,Malé City Council,MV,local_council,Indian/Maldives,,,council_secretariat
haa-alif-council,HAC,Haa Alif Atoll Council,MV,local_council,Indian/Maldives,,,council_secretariat
dhidhdhoo-council,DDC,Dhidhdhoo Council,MV,local_council,Indian/Maldives,,haa-alif-council,council_secretariat
moe,MOE,Ministry of Education,MV,government_ministry,Indian/Maldives,,,ministry_office
sunrise-school,SRS,Sunrise School,MV,statutory_body,Indian/Maldives,,moe,school|preschool
bright-future,BFIS,Bright Future International School,MV,private_company,Indian/Maldives,C-2004/2015,,school|preschool
cyryx,CYRYX,Cyryx College,MV,private_company,Indian/Maldives,C-2005/2002,,college_university
mi-college,MIC,MI College,MV,private_company,Indian/Maldives,C-2006/2011,,college_university|training_centre
new-island-clinic,NIC,New Island Clinic,MV,private_company,Indian/Maldives,C-2007/2024,,
